{"metadata":{"usedHelpers":[],"marked":[],"modules":{"imports":[{"source":"meteor/templating","imported":["Template"],"specifiers":[{"kind":"named","imported":"Template","local":"Template"}]},{"source":"meteor/reactive-var","imported":["ReactiveVar"],"specifiers":[{"kind":"named","imported":"ReactiveVar","local":"ReactiveVar"}]},{"source":"./main.html","imported":[],"specifiers":[]}],"exports":{"exported":[],"specifiers":[]}}},"options":{"filename":"/client/main.js","filenameRelative":"/client/main.js","env":{},"retainLines":false,"highlightCode":true,"suppressDeprecationMessages":false,"presets":[],"plugins":[[[],null],[[],null],[[],null],[[],null],[[],null],[[],null],[[],null],[[],{"polyfill":false}],[[],null],[[],null],[[],null],[[],null],[[],null],[[],null],[[],null],[[],null],[[],{"loose":true}],[[],{"loose":true}],[[],null],[[],{"loose":true}],[[],null],[[],null],[[],{"allowTopLevelThis":true,"strict":false,"loose":true}],[[],null],[[],null],[[],null],[[],null],[[],null],[[],{"loose":true}],[[],null],[[],null],[[],null],[[],null],[[],null],[[],null],[[],null],[[],null]],"ignore":[],"code":true,"metadata":true,"ast":false,"comments":true,"compact":false,"minified":false,"sourceMap":true,"sourceMaps":true,"sourceMapTarget":"/client/main.js.map","sourceFileName":"/client/main.js","babelrc":false,"sourceType":"module","moduleIds":false,"passPerPreset":false,"basename":"main"},"ignored":false,"code":"var _templating = require('meteor/templating');\n\nvar _reactiveVar = require('meteor/reactive-var');\n\nrequire('./main.html');\n\n_templating.Template.homework_list.helpers({\n\thomework: function () {\n\t\tfunction homework() {\n\t\t\treturn Homework.find({});\n\t\t}\n\n\t\treturn homework;\n\t}()\n});\n_templating.Template.homework_item.helpers({\n\thomework: function () {\n\t\tfunction homework() {\n\t\t\treturn Homework.find({});\n\t\t}\n\n\t\treturn homework;\n\t}()\n});\n// Template.hamburger.events({\n// 'click .button-collapse': function(event){\n//     $('.button-collapse').sideNav();\n// }\n// })\n\n// Template.hamburger.onRendered(function () {\n// \t  $('.button-collapse').sideNav({\n// \t  \tcloseOnClick: true\n// \t  });\n// });\n\n$(document).ready(function () {\n\t$(\".button-collapse\").sideNav();\n\tconsole.log(\"document ready\");\n});\n\n$(document).ready(function () {\n\t// the \"href\" attribute of .modal-trigger must specify the modal ID that wants to be triggered\n\t$('.modal-trigger').leanModal();\n\t$('#homework_det_modal').openModal();\n});\n\n$(document).ready(function () {\n\t$('select').material_select();\n});","ast":null,"map":{"version":3,"sources":["/client/main.js"],"names":[],"mappings":"AAAA;;AACA;;AAEA;;AAEA,qBAAS,aAAT,CAAuB,OAAvB,CAA+B;AAC9B;AAAU,sBAAU;AACnB,UAAO,SAAS,IAAT,CAAc,EAAd,CAAP,CADmB;GAAV;;;IAAV;CADD;AAKA,qBAAS,aAAT,CAAuB,OAAvB,CAA+B;AAC9B;AAAU,sBAAU;AACnB,UAAO,SAAS,IAAT,CAAc,EAAd,CAAP,CADmB;GAAV;;;IAAV;CADD;;;;;;;;;;;;;AAmBA,EAAE,QAAF,EAAY,KAAZ,CAAkB,YAAU;AAC3B,GAAE,kBAAF,EAAsB,OAAtB,GAD2B;AAG3B,SAAQ,GAAR,CAAY,gBAAZ,EAH2B;CAAV,CAAlB;;AAMA,EAAE,QAAF,EAAY,KAAZ,CAAkB,YAAU;;AAExB,GAAE,gBAAF,EAAoB,SAApB,GAFwB;AAGxB,GAAE,qBAAF,EAAyB,SAAzB,GAHwB;CAAV,CAAlB;;AAMA,EAAE,QAAF,EAAY,KAAZ,CAAkB,YAAW;AACzB,GAAE,QAAF,EAAY,eAAZ,GADyB;CAAX,CAAlB","file":"/client/main.js.map","sourcesContent":["import { Template } from 'meteor/templating';\nimport { ReactiveVar } from 'meteor/reactive-var';\n\nimport './main.html';\n\nTemplate.homework_list.helpers({\n\thomework: function(){\n\t\treturn Homework.find({});\n\t}\n});\nTemplate.homework_item.helpers({\n\thomework: function(){\n\t\treturn Homework.find({});\n\t}\n});\n// Template.hamburger.events({\n// 'click .button-collapse': function(event){\n//     $('.button-collapse').sideNav();\n// }\n// })\n\n\n// Template.hamburger.onRendered(function () {\n// \t  $('.button-collapse').sideNav({\n// \t  \tcloseOnClick: true\n// \t  });\n// });\n\n\n$(document).ready(function(){\n\t$(\".button-collapse\").sideNav(\n\t\t);\n\tconsole.log(\"document ready\");\n});\n\n$(document).ready(function(){\n    // the \"href\" attribute of .modal-trigger must specify the modal ID that wants to be triggered\n    $('.modal-trigger').leanModal();\n    $('#homework_det_modal').openModal();\n  });\n\n$(document).ready(function() {\n    $('select').material_select();\n  });\n"]},"hash":"0d9e014b666381a5bef516ca49efbbd6c17528aa"}
