{"metadata":{"usedHelpers":[],"marked":[],"modules":{"imports":[{"source":"meteor/meteor","imported":["Meteor"],"specifiers":[{"kind":"named","imported":"Meteor","local":"Meteor"}]}],"exports":{"exported":[],"specifiers":[]}}},"options":{"filename":"/server/main.js","filenameRelative":"/server/main.js","env":{},"retainLines":false,"highlightCode":true,"suppressDeprecationMessages":false,"presets":[],"plugins":[[[],null],[[],null],[[],null],[[],null],[[],null],[[],null],[[],null],[[],{"polyfill":false}],[[],null],[[],null],[[],null],[[],null],[[],null],[[],null],[[],null],[[],null],[[],{"loose":true}],[[],{"loose":true}],[[],null],[[],{"loose":true}],[[],null],[[],null],[[],{"allowTopLevelThis":true,"strict":false,"loose":true}],[[],null],[[],null],[[],null],[[],null],[[],null],[[],{"loose":true}],[[],null],[[],null],[[],null],[[],null],[[],null],[[],null],[[],null],[[],null]],"ignore":[],"code":true,"metadata":true,"ast":false,"comments":true,"compact":false,"minified":false,"sourceMap":true,"sourceMaps":true,"sourceMapTarget":"/server/main.js.map","sourceFileName":"/server/main.js","babelrc":false,"sourceType":"module","moduleIds":false,"passPerPreset":false,"basename":"main"},"ignored":false,"code":"var _meteor = require(\"meteor/meteor\");\n\nHomework = new Mongo.Collection(\"homework\");\n_meteor.Meteor.startup(function () {\n  if (!Homework.findOne()) {\n    console.log(\"No homework yet yet. Creating starter data.\");\n    Homework.insert({\n      homework_title: \"First homework to do\",\n      due_date: \"12/12/16\",\n      subject: \"math\",\n      description: \"page 3-5\",\n      comments: \"work hard!\"\n    });\n    Homework.insert({\n      homework_title: \"Second homework to do\",\n      due_date: \"12/13/16\",\n      subject: \"Social study\",\n      description: \"page 3-5\",\n      comments: \"work harder!\"\n    });\n    Homework.insert({\n      homework_title: \"Third homework to do\",\n      due_date: \"12/14/16\",\n      subject: \"English Language Arts\",\n      description: \"page 3-5\",\n      comments: \"Harder! Harder!\"\n    });\n  }\n  console.log(Homework.findOne());\n});","ast":null,"map":{"version":3,"sources":["/server/main.js"],"names":[],"mappings":"AAAA;;AACA,WAAW,IAAI,MAAM,UAAN,CAAiB,UAArB,CAAX;AACA,eAAO,OAAP,CAAe,YAAM;AACnB,MAAI,CAAC,SAAS,OAAT,EAAD,EAAoB;AACrB,YAAQ,GAAR,CAAY,6CAAZ,EADqB;AAEnB,aAAS,MAAT,CAAgB;AACjB,sBAAe,sBAAf;AACA,gBAAS,UAAT;AACA,eAAS,MAAT;AACA,mBAAa,UAAb;AACA,gBAAU,YAAV;KALC,EAFmB;AASrB,aAAS,MAAT,CAAgB;AACf,sBAAe,uBAAf;AACA,gBAAS,UAAT;AACA,eAAS,cAAT;AACA,mBAAa,UAAb;AACA,gBAAU,cAAV;KALD,EATqB;AAgBrB,aAAS,MAAT,CAAgB;AACf,sBAAe,sBAAf;AACA,gBAAS,UAAT;AACA,eAAS,uBAAT;AACA,mBAAa,UAAb;AACA,gBAAU,iBAAV;KALD,EAhBqB;GAAxB;AAwBE,UAAQ,GAAR,CAAY,SAAS,OAAT,EAAZ,EAzBiB;CAAN,CAAf","file":"/server/main.js.map","sourcesContent":["import { Meteor } from 'meteor/meteor';\nHomework = new Mongo.Collection(\"homework\");\nMeteor.startup(() => {\n  if (!Homework.findOne()){\n    \tconsole.log(\"No homework yet yet. Creating starter data.\");\n    \t  Homework.insert({\n    \t\thomework_title:\"First homework to do\", \n    \t\tdue_date:\"12/12/16\", \n    \t\tsubject: \"math\",\n    \t\tdescription: \"page 3-5\",\n    \t\tcomments: \"work hard!\"\n    \t\t });\n    \tHomework.insert({\n    \t\thomework_title:\"Second homework to do\", \n    \t\tdue_date:\"12/13/16\", \n    \t\tsubject: \"Social study\",\n    \t\tdescription: \"page 3-5\",\n    \t\tcomments: \"work harder!\"\n    \t\t });\n    \tHomework.insert({\n    \t\thomework_title:\"Third homework to do\", \n    \t\tdue_date:\"12/14/16\", \n    \t\tsubject: \"English Language Arts\",\n    \t\tdescription: \"page 3-5\",\n    \t\tcomments: \"Harder! Harder!\"\n    \t\t });\n    }\n    console.log(Homework.findOne());\n});\n"]},"hash":"539ebfa932d18fb18987598b3a3c1ca272c1d039"}
