{"metadata":{"usedHelpers":[],"marked":[],"modules":{"imports":[],"exports":{"exported":[],"specifiers":[]}}},"options":{"filename":"/lib/collections.js","filenameRelative":"/lib/collections.js","env":{},"retainLines":false,"highlightCode":true,"suppressDeprecationMessages":false,"presets":[],"plugins":[[[],null],[[],null],[[],null],[[],null],[[],null],[[],null],[[],null],[[],{"polyfill":false}],[[],null],[[],null],[[],null],[[],null],[[],null],[[],null],[[],null],[[],null],[[],{"loose":true}],[[],{"loose":true}],[[],null],[[],{"loose":true}],[[],null],[[],null],[[],{"allowTopLevelThis":true,"strict":false,"loose":true}],[[],null],[[],null],[[],null],[[],null],[[],null],[[],{"loose":true}],[[],null],[[],null],[[],null],[[],null],[[],null],[[],null],[[],null],[[],null]],"ignore":[],"code":true,"metadata":true,"ast":false,"comments":true,"compact":false,"minified":false,"sourceMap":true,"sourceMaps":true,"sourceMapTarget":"/lib/collections.js.map","sourceFileName":"/lib/collections.js","babelrc":false,"sourceType":"module","moduleIds":false,"passPerPreset":false,"basename":"collections"},"ignored":false,"code":"Homework = new Mongo.Collection(\"homework\");","ast":null,"map":{"version":3,"sources":["/lib/collections.js"],"names":[],"mappings":"AAAA,WAAW,IAAI,MAAM,UAAN,CAAiB,UAArB,CAAX","file":"/lib/collections.js.map","sourcesContent":["Homework = new Mongo.Collection(\"homework\");\r\n"]},"hash":"e19c3759ebcb55c22be91ba5e1673e68427af167"}
