{"metadata":{"usedHelpers":[],"marked":[],"modules":{"imports":[{"source":"meteor/templating","imported":["Template"],"specifiers":[{"kind":"named","imported":"Template","local":"Template"}]},{"source":"meteor/reactive-var","imported":["ReactiveVar"],"specifiers":[{"kind":"named","imported":"ReactiveVar","local":"ReactiveVar"}]},{"source":"./main.html","imported":[],"specifiers":[]}],"exports":{"exported":[],"specifiers":[]}}},"options":{"filename":"/client/main.js","filenameRelative":"/client/main.js","env":{},"retainLines":false,"highlightCode":true,"suppressDeprecationMessages":false,"presets":[],"plugins":[[[],null],[[],null],[[],null],[[],null],[[],null],[[],null],[[],null],[[],{"polyfill":false}],[[],null],[[],null],[[],null],[[],null],[[],null],[[],null],[[],null],[[],null],[[],{"loose":true}],[[],{"loose":true}],[[],null],[[],{"loose":true}],[[],null],[[],null],[[],{"allowTopLevelThis":true,"strict":false,"loose":true}],[[],null],[[],null],[[],null],[[],null],[[],null],[[],{"loose":true}],[[],null],[[],null],[[],null],[[],null],[[],null],[[],null],[[],null],[[],null]],"ignore":[],"code":true,"metadata":true,"ast":false,"comments":true,"compact":false,"minified":false,"sourceMap":true,"sourceMaps":true,"sourceMapTarget":"/client/main.js.map","sourceFileName":"/client/main.js","babelrc":false,"sourceType":"module","moduleIds":false,"passPerPreset":false,"basename":"main"},"ignored":false,"code":"var _templating = require('meteor/templating');\n\nvar _reactiveVar = require('meteor/reactive-var');\n\nrequire('./main.html');\n\n// Template.hamburger.events({\n// 'click .button-collapse': function(event){\n//     $('.button-collapse').sideNav();\n// }\n// })\n\n// Template.hamburger.onRendered(function () {\n// \t  $('.button-collapse').sideNav({\n// \t  \tcloseOnClick: true\n// \t  });\n// });\n\n$(document).ready(function () {\n\t$(\".button-collapse\").sideNav();\n\tconsole.log(\"document ready\");\n});","ast":null,"map":{"version":3,"sources":["/client/main.js"],"names":[],"mappings":"AAAA;;AACA;;AAEA;;;;;;;;;;;;;;AAiBA,EAAE,QAAF,EAAY,KAAZ,CAAkB,YAAU;AAC3B,GAAE,kBAAF,EAAsB,OAAtB,GAD2B;AAG3B,SAAQ,GAAR,CAAY,gBAAZ,EAH2B;CAAV,CAAlB","file":"/client/main.js.map","sourcesContent":["import { Template } from 'meteor/templating';\nimport { ReactiveVar } from 'meteor/reactive-var';\n\nimport './main.html';\n\n// Template.hamburger.events({\n// 'click .button-collapse': function(event){\n//     $('.button-collapse').sideNav();\n// }\n// })\n\n\n// Template.hamburger.onRendered(function () {\n// \t  $('.button-collapse').sideNav({\n// \t  \tcloseOnClick: true\n// \t  });\n// });\n\n\n\n$(document).ready(function(){\n\t$(\".button-collapse\").sideNav(\n\t\t);\n\tconsole.log(\"document ready\");\n})"]},"hash":"f07580c81d835e0a7f31f872fc0de91afa60eb44"}
